source_id,organization_name,country_region,category,primary_domains,official_site_url,official_newsroom_url,official_blog_url,research_url,developer_blog_url,release_notes_url,github_org_url,rss_atom_url,machine_access,primary_monitor_url,primary_monitor_rationale,primary_language,update_frequency,ai_gaiden_relevance,tech_gaiden_relevance,priority,update_detection,automation_ease,notes,last_verified
cohere,Cohere,カナダ,AIモデル／AIサービス,企業向けLLM、RAG、AIエージェント,https://cohere.com/,https://cohere.com/blog,https://cohere.com/blog,https://cohere.com/research,https://docs.cohere.com/,https://docs.cohere.com/changelog,https://github.com/cohere-ai,https://cohere.com/blog/rss.xml,https://api.github.com/orgs/cohere-ai/repos?per_page=100&sort=updated,https://cohere.com/blog,公式RSS/Atomを主監視し、分類・詳細確認は対応する公式ページで行う。,英語,週次〜月次,高,中,A,公式RSS/Atom,高,現行AI外電の確認済み公式RSS。現行の取得設定では無効化されているため、本台帳のみで管理。,2026-08-18
ai21,AI21 Labs,イスラエル,AIモデル／AIサービス,基盤モデル、企業向け生成AI,https://www.ai21.com/,https://www.ai21.com/blog/,https://www.ai21.com/blog/,,https://docs.ai21.com/,,https://github.com/AI21Labs,,https://api.github.com/orgs/AI21Labs/repos?per_page=100&sort=updated,https://www.ai21.com/blog/,公式編集面の時系列一覧を主監視し、更新日・新規記事URLで差分を検知する。Release Notesは細かな製品変更の補完に使う。,英語,月次〜不定期,高,中,B,公式Newsroom／Blog／Research一覧のHTML巡回（Release Notesがある場合は補完）,中,RSS／API欄が空欄の場合は、今回の確認で公式URLを安全に特定できなかったため未登録。不存在を意味しない。,2026-08-18
qwen,Qwen（Alibaba Cloud）,中国,AIモデル／AIサービス,オープンウェイトLLM、マルチモーダルAI,https://qwen.ai/,https://qwenlm.github.io/blog/,https://qwenlm.github.io/blog/,,https://help.aliyun.com/zh/model-studio/,,https://github.com/QwenLM,,https://api.github.com/orgs/QwenLM/repos?per_page=100&sort=updated,https://qwenlm.github.io/blog/,公式編集面の時系列一覧を主監視し、更新日・新規記事URLで差分を検知する。Release Notesは細かな製品変更の補完に使う。,中国語／英語,月次〜不定期,高,中,A,公式Newsroom／Blog／Research一覧のHTML巡回（Release Notesがある場合は補完）,中,RSS／API欄が空欄の場合は、今回の確認で公式URLを安全に特定できなかったため未登録。不存在を意味しない。,2026-08-18
sakana-ai,Sakana AI,日本,AIモデル／AIサービス,自然発想型AI、AI研究,https://sakana.ai/,https://sakana.ai/blog/,https://sakana.ai/blog/,https://sakana.ai/research/,,,https://github.com/SakanaAI,,https://api.github.com/orgs/SakanaAI/repos?per_page=100&sort=updated,https://sakana.ai/blog/,公式編集面の時系列一覧を主監視し、更新日・新規記事URLで差分を検知する。Release Notesは細かな製品変更の補完に使う。,英語／日本語,月次〜不定期,高,中,B,公式Newsroom／Blog／Research一覧のHTML巡回（Release Notesがある場合は補完）,中,RSS／API欄が空欄の場合は、今回の確認で公式URLを安全に特定できなかったため未登録。不存在を意味しない。,2026-08-18
stability-ai,Stability AI,英国,AIモデル／AIサービス,画像・音声生成、オープンモデル,https://stability.ai/,https://stability.ai/news,https://stability.ai/news,,,,https://github.com/Stability-AI,,https://api.github.com/orgs/Stability-AI/repos?per_page=100&sort=updated,https://stability.ai/news,公式編集面の時系列一覧を主監視し、更新日・新規記事URLで差分を検知する。Release Notesは細かな製品変更の補完に使う。,英語,月次〜不定期,高,中,B,公式Newsroom／Blog／Research一覧のHTML巡回（Release Notesがある場合は補完）,中,RSS／API欄が空欄の場合は、今回の確認で公式URLを安全に特定できなかったため未登録。不存在を意味しない。,2026-08-18
midjourney,Midjourney,米国,AIモデル／AIサービス,画像生成,https://www.midjourney.com/,https://updates.midjourney.com/,https://updates.midjourney.com/,,,,,,,https://updates.midjourney.com/,公式編集面の時系列一覧を主監視し、更新日・新規記事URLで差分を検知する。Release Notesは細かな製品変更の補完に使う。,英語,週次〜不定期,高,中,B,公式Newsroom／Blog／Research一覧のHTML巡回（Release Notesがある場合は補完）,中,RSS／API欄が空欄の場合は、今回の確認で公式URLを安全に特定できなかったため未登録。不存在を意味しない。,2026-08-18
runway,Runway,米国,AIモデル／AIサービス,動画生成、クリエイティブAI,https://runwayml.com/,https://runwayml.com/news/,https://runwayml.com/news/,,https://help.runwayml.com/,,https://github.com/runwayml,,https://api.github.com/orgs/runwayml/repos?per_page=100&sort=updated,https://runwayml.com/news/,公式編集面の時系列一覧を主監視し、更新日・新規記事URLで差分を検知する。Release Notesは細かな製品変更の補完に使う。,英語,週次〜月次,高,高,A,公式Newsroom／Blog／Research一覧のHTML巡回（Release Notesがある場合は補完）,中,RSS／API欄が空欄の場合は、今回の確認で公式URLを安全に特定できなかったため未登録。不存在を意味しない。,2026-08-18
elevenlabs,ElevenLabs,英国／米国,AIモデル／AIサービス,音声生成、音声AI、API,https://elevenlabs.io/,https://elevenlabs.io/blog,https://elevenlabs.io/blog,,https://elevenlabs.io/docs,https://elevenlabs.io/changelog,https://github.com/elevenlabs,,https://api.github.com/orgs/elevenlabs/repos?per_page=100&sort=updated,https://elevenlabs.io/blog,公式編集面の時系列一覧を主監視し、更新日・新規記事URLで差分を検知する。Release Notesは細かな製品変更の補完に使う。,英語,週次〜月次,高,中,A,公式Newsroom／Blog／Research一覧のHTML巡回（Release Notesがある場合は補完）,中,RSS／API欄が空欄の場合は、今回の確認で公式URLを安全に特定できなかったため未登録。不存在を意味しない。,2026-08-18
perplexity,Perplexity,米国,AIモデル／AIサービス,AI検索、回答エンジン、ブラウザ,https://www.perplexity.ai/,https://www.perplexity.ai/hub/blog,https://www.perplexity.ai/hub/blog,,https://docs.perplexity.ai/,https://docs.perplexity.ai/changelog,https://github.com/perplexityai,,https://api.github.com/orgs/perplexityai/repos?per_page=100&sort=updated,https://www.perplexity.ai/hub/blog,公式編集面の時系列一覧を主監視し、更新日・新規記事URLで差分を検知する。Release Notesは細かな製品変更の補完に使う。,英語,週次〜月次,高,高,A,公式Newsroom／Blog／Research一覧のHTML巡回（Release Notesがある場合は補完）,中,RSS／API欄が空欄の場合は、今回の確認で公式URLを安全に特定できなかったため未登録。不存在を意味しない。,2026-08-18
writer,Writer,米国,AIモデル／AIサービス,企業向け生成AI、AIエージェント,https://writer.com/,https://writer.com/blog/,https://writer.com/blog/,,https://dev.writer.com/,,https://github.com/writer,,https://api.github.com/orgs/writer/repos?per_page=100&sort=updated,https://writer.com/blog/,公式編集面の時系列一覧を主監視し、更新日・新規記事URLで差分を検知する。Release Notesは細かな製品変更の補完に使う。,英語,週次〜月次,高,中,B,公式Newsroom／Blog／Research一覧のHTML巡回（Release Notesがある場合は補完）,中,RSS／API欄が空欄の場合は、今回の確認で公式URLを安全に特定できなかったため未登録。不存在を意味しない。,2026-08-18
oracle-cloud,Oracle Cloud Infrastructure,米国,クラウド／AIインフラ,クラウド、データベース、企業向けAI,https://www.oracle.com/cloud/,https://www.oracle.com/news/,https://blogs.oracle.com/,,https://blogs.oracle.com/developers/,https://docs.oracle.com/en/cloud/,https://github.com/oracle,,https://api.github.com/orgs/oracle/repos?per_page=100&sort=updated,https://www.oracle.com/news/,公式編集面の時系列一覧を主監視し、更新日・新規記事URLで差分を検知する。Release Notesは細かな製品変更の補完に使う。,英語,週次〜月次,中,高,B,公式Newsroom／Blog／Research一覧のHTML巡回（Release Notesがある場合は補完）,中,RSS／API欄が空欄の場合は、今回の確認で公式URLを安全に特定できなかったため未登録。不存在を意味しない。,2026-08-18
ibm-cloud,IBM,米国,クラウド／AIインフラ,watsonx、ハイブリッドクラウド、量子,https://www.ibm.com/,https://newsroom.ibm.com/,https://www.ibm.com/think,https://research.ibm.com/,https://developer.ibm.com/,,https://github.com/IBM,,https://api.github.com/orgs/IBM/repos?per_page=100&sort=updated,https://newsroom.ibm.com/,公式編集面の時系列一覧を主監視し、更新日・新規記事URLで差分を検知する。Release Notesは細かな製品変更の補完に使う。,英語,週次〜月次,高,非常に高,A,公式Newsroom／Blog／Research一覧のHTML巡回（Release Notesがある場合は補完）,中,RSS／API欄が空欄の場合は、今回の確認で公式URLを安全に特定できなかったため未登録。不存在を意味しない。,2026-08-18
netlify,Netlify,米国,クラウド／AIインフラ,Web基盤、開発者プラットフォーム,https://www.netlify.com/,https://www.netlify.com/blog/,https://www.netlify.com/blog/,,https://www.netlify.com/blog/,https://www.netlify.com/changelog/,https://github.com/netlify,,https://api.github.com/orgs/netlify/repos?per_page=100&sort=updated,https://www.netlify.com/blog/,公式編集面の時系列一覧を主監視し、更新日・新規記事URLで差分を検知する。Release Notesは細かな製品変更の補完に使う。,英語,週次〜月次,中,高,B,公式Newsroom／Blog／Research一覧のHTML巡回（Release Notesがある場合は補完）,中,RSS／API欄が空欄の場合は、今回の確認で公式URLを安全に特定できなかったため未登録。不存在を意味しない。,2026-08-18
snowflake,Snowflake,米国,クラウド／AIインフラ,データクラウド、AI、分析,https://www.snowflake.com/,https://www.snowflake.com/en/news/,https://www.snowflake.com/en/blog/,,https://www.snowflake.com/en/blog/,https://docs.snowflake.com/en/release-notes/overview,https://github.com/snowflakedb,,https://api.github.com/orgs/snowflakedb/repos?per_page=100&sort=updated,https://www.snowflake.com/en/news/,公式編集面の時系列一覧を主監視し、更新日・新規記事URLで差分を検知する。Release Notesは細かな製品変更の補完に使う。,英語,週次〜月次,高,非常に高,A,公式Newsroom／Blog／Research一覧のHTML巡回（Release Notesがある場合は補完）,中,RSS／API欄が空欄の場合は、今回の確認で公式URLを安全に特定できなかったため未登録。不存在を意味しない。,2026-08-18
coreweave,CoreWeave,米国,クラウド／AIインフラ,GPUクラウド、AIインフラ,https://www.coreweave.com/,https://www.coreweave.com/news,https://www.coreweave.com/blog,,,,,,,https://www.coreweave.com/news,公式編集面の時系列一覧を主監視し、更新日・新規記事URLで差分を検知する。Release Notesは細かな製品変更の補完に使う。,英語,週次〜月次,高,高,B,公式Newsroom／Blog／Research一覧のHTML巡回（Release Notesがある場合は補完）,中,RSS／API欄が空欄の場合は、今回の確認で公式URLを安全に特定できなかったため未登録。不存在を意味しない。,2026-08-18
together-ai,Together AI,米国,クラウド／AIインフラ,オープンモデル、AIクラウド、推論,https://www.together.ai/,https://www.together.ai/blog,https://www.together.ai/blog,,https://docs.together.ai/,https://docs.together.ai/docs/changelog,https://github.com/togethercomputer,,https://api.github.com/orgs/togethercomputer/repos?per_page=100&sort=updated,https://www.together.ai/blog,公式編集面の時系列一覧を主監視し、更新日・新規記事URLで差分を検知する。Release Notesは細かな製品変更の補完に使う。,英語,週次〜月次,高,高,A,公式Newsroom／Blog／Research一覧のHTML巡回（Release Notesがある場合は補完）,中,RSS／API欄が空欄の場合は、今回の確認で公式URLを安全に特定できなかったため未登録。不存在を意味しない。,2026-08-18
groq,Groq,米国,クラウド／AIインフラ,AI推論チップ、推論クラウド,https://groq.com/,https://groq.com/news/,https://groq.com/news/,,https://console.groq.com/docs/overview,https://console.groq.com/docs/changelog,https://github.com/groq,,https://api.github.com/orgs/groq/repos?per_page=100&sort=updated,https://groq.com/news/,公式編集面の時系列一覧を主監視し、更新日・新規記事URLで差分を検知する。Release Notesは細かな製品変更の補完に使う。,英語,週次〜月次,高,高,A,公式Newsroom／Blog／Research一覧のHTML巡回（Release Notesがある場合は補完）,中,RSS／API欄が空欄の場合は、今回の確認で公式URLを安全に特定できなかったため未登録。不存在を意味しない。,2026-08-18
cerebras,Cerebras,米国,クラウド／AIインフラ,AIチップ、推論、学習クラウド,https://www.cerebras.ai/,https://www.cerebras.ai/company/newsroom,https://www.cerebras.ai/blog,,https://inference-docs.cerebras.ai/,https://inference-docs.cerebras.ai/release-notes,https://github.com/Cerebras,,https://api.github.com/orgs/Cerebras/repos?per_page=100&sort=updated,https://www.cerebras.ai/company/newsroom,公式編集面の時系列一覧を主監視し、更新日・新規記事URLで差分を検知する。Release Notesは細かな製品変更の補完に使う。,英語,週次〜月次,高,高,A,公式Newsroom／Blog／Research一覧のHTML巡回（Release Notesがある場合は補完）,中,公式NewsroomはPress Releases・公式Blog・第三者ニュースを併載する。一次情報としてはPress ReleasesとBlogsを優先して取得する。,2026-08-18
modal,Modal,米国,クラウド／AIインフラ,サーバーレスGPU、AIアプリ実行基盤,https://modal.com/,https://modal.com/blog,https://modal.com/blog,,https://modal.com/docs,https://modal.com/docs/changelog,https://github.com/modal-labs,,https://api.github.com/orgs/modal-labs/repos?per_page=100&sort=updated,https://modal.com/blog,公式編集面の時系列一覧を主監視し、更新日・新規記事URLで差分を検知する。Release Notesは細かな製品変更の補完に使う。,英語,週次〜月次,高,高,B,公式Newsroom／Blog／Research一覧のHTML巡回（Release Notesがある場合は補完）,中,RSS／API欄が空欄の場合は、今回の確認で公式URLを安全に特定できなかったため未登録。不存在を意味しない。,2026-08-18
gitlab,GitLab,米国,開発者向けサービス,DevSecOps、AI支援開発,https://about.gitlab.com/,https://about.gitlab.com/press/releases/,https://about.gitlab.com/blog/,,https://about.gitlab.com/blog/categories/company/,https://about.gitlab.com/releases/,,,,https://about.gitlab.com/press/releases/,公式編集面の時系列一覧を主監視し、更新日・新規記事URLで差分を検知する。Release Notesは細かな製品変更の補完に使う。,英語,週次〜月次,高,非常に高,A,公式Newsroom／Blog／Research一覧のHTML巡回（Release Notesがある場合は補完）,中,RSS／API欄が空欄の場合は、今回の確認で公式URLを安全に特定できなかったため未登録。不存在を意味しない。,2026-08-18
atlassian,Atlassian,オーストラリア,開発者向けサービス,コラボレーション、開発管理、AI,https://www.atlassian.com/,https://www.atlassian.com/company/news,https://www.atlassian.com/blog,,https://developer.atlassian.com/blog/,,https://github.com/atlassian,,https://api.github.com/orgs/atlassian/repos?per_page=100&sort=updated,https://www.atlassian.com/company/news,公式編集面の時系列一覧を主監視し、更新日・新規記事URLで差分を検知する。Release Notesは細かな製品変更の補完に使う。,英語,週次〜月次,中,高,B,公式Newsroom／Blog／Research一覧のHTML巡回（Release Notesがある場合は補完）,中,RSS／API欄が空欄の場合は、今回の確認で公式URLを安全に特定できなかったため未登録。不存在を意味しない。,2026-08-18
jetbrains,JetBrains,チェコ,開発者向けサービス,IDE、開発ツール、AIコーディング,https://www.jetbrains.com/,https://blog.jetbrains.com/,https://blog.jetbrains.com/,,https://blog.jetbrains.com/idea/,,https://github.com/JetBrains,,https://api.github.com/orgs/JetBrains/repos?per_page=100&sort=updated,https://blog.jetbrains.com/,公式編集面の時系列一覧を主監視し、更新日・新規記事URLで差分を検知する。Release Notesは細かな製品変更の補完に使う。,英語,週次〜月次,高,高,A,公式Newsroom／Blog／Research一覧のHTML巡回（Release Notesがある場合は補完）,中,RSS／API欄が空欄の場合は、今回の確認で公式URLを安全に特定できなかったため未登録。不存在を意味しない。,2026-08-18
docker,Docker,米国,開発者向けサービス,コンテナ、開発環境、AI開発,https://www.docker.com/,https://www.docker.com/blog/,https://www.docker.com/blog/,,https://www.docker.com/blog/,https://docs.docker.com/desktop/release-notes/,https://github.com/docker,,https://api.github.com/orgs/docker/repos?per_page=100&sort=updated,https://www.docker.com/blog/,公式編集面の時系列一覧を主監視し、更新日・新規記事URLで差分を検知する。Release Notesは細かな製品変更の補完に使う。,英語,週次〜月次,中,非常に高,A,公式Newsroom／Blog／Research一覧のHTML巡回（Release Notesがある場合は補完）,中,RSS／API欄が空欄の場合は、今回の確認で公式URLを安全に特定できなかったため未登録。不存在を意味しない。,2026-08-18
hashicorp,HashiCorp,米国,開発者向けサービス,インフラ自動化、IaC、セキュリティ,https://www.hashicorp.com/,https://www.hashicorp.com/blog,https://www.hashicorp.com/blog,,https://developer.hashicorp.com/,,https://github.com/hashicorp,,https://api.github.com/orgs/hashicorp/repos?per_page=100&sort=updated,https://www.hashicorp.com/blog,公式編集面の時系列一覧を主監視し、更新日・新規記事URLで差分を検知する。Release Notesは細かな製品変更の補完に使う。,英語,週次〜月次,中,非常に高,A,公式Newsroom／Blog／Research一覧のHTML巡回（Release Notesがある場合は補完）,中,RSS／API欄が空欄の場合は、今回の確認で公式URLを安全に特定できなかったため未登録。不存在を意味しない。,2026-08-18
supabase,Supabase,米国,開発者向けサービス,オープンソースBaaS、データベース、AI,https://supabase.com/,https://supabase.com/blog,https://supabase.com/blog,,https://supabase.com/docs,https://supabase.com/changelog,https://github.com/supabase,,https://api.github.com/orgs/supabase/repos?per_page=100&sort=updated,https://supabase.com/blog,公式編集面の時系列一覧を主監視し、更新日・新規記事URLで差分を検知する。Release Notesは細かな製品変更の補完に使う。,英語,週次〜月次,高,高,A,公式Newsroom／Blog／Research一覧のHTML巡回（Release Notesがある場合は補完）,中,RSS／API欄が空欄の場合は、今回の確認で公式URLを安全に特定できなかったため未登録。不存在を意味しない。,2026-08-18
mongodb,MongoDB,米国,開発者向けサービス,データベース、ベクトル検索、AIアプリ,https://www.mongodb.com/,https://www.mongodb.com/press,https://www.mongodb.com/blog,,https://www.mongodb.com/developer/,https://www.mongodb.com/docs/manual/release-notes/,https://github.com/mongodb,,https://api.github.com/orgs/mongodb/repos?per_page=100&sort=updated,https://www.mongodb.com/press,公式編集面の時系列一覧を主監視し、更新日・新規記事URLで差分を検知する。Release Notesは細かな製品変更の補完に使う。,英語,週次〜月次,高,高,A,公式Newsroom／Blog／Research一覧のHTML巡回（Release Notesがある場合は補完）,中,RSS／API欄が空欄の場合は、今回の確認で公式URLを安全に特定できなかったため未登録。不存在を意味しない。,2026-08-18
elastic,Elastic,オランダ／米国,開発者向けサービス,検索、オブザーバビリティ、セキュリティ、AI,https://www.elastic.co/,https://www.elastic.co/about/press,https://www.elastic.co/blog,,https://www.elastic.co/guide/,https://www.elastic.co/guide/en/elasticsearch/reference/current/es-release-notes.html,https://github.com/elastic,,https://api.github.com/orgs/elastic/repos?per_page=100&sort=updated,https://www.elastic.co/about/press,公式編集面の時系列一覧を主監視し、更新日・新規記事URLで差分を検知する。Release Notesは細かな製品変更の補完に使う。,英語,週次〜月次,高,高,A,公式Newsroom／Blog／Research一覧のHTML巡回（Release Notesがある場合は補完）,中,RSS／API欄が空欄の場合は、今回の確認で公式URLを安全に特定できなかったため未登録。不存在を意味しない。,2026-08-18
datadog,Datadog,米国,開発者向けサービス,監視、セキュリティ、AI運用,https://www.datadoghq.com/,https://www.datadoghq.com/about/latest-news/,https://www.datadoghq.com/blog/,,https://www.datadoghq.com/blog/engineering/,https://docs.datadoghq.com/release_notes/,https://github.com/DataDog,,https://api.github.com/orgs/DataDog/repos?per_page=100&sort=updated,https://www.datadoghq.com/about/latest-news/,公式編集面の時系列一覧を主監視し、更新日・新規記事URLで差分を検知する。Release Notesは細かな製品変更の補完に使う。,英語,週次〜月次,中,高,B,公式Newsroom／Blog／Research一覧のHTML巡回（Release Notesがある場合は補完）,中,RSS／API欄が空欄の場合は、今回の確認で公式URLを安全に特定できなかったため未登録。不存在を意味しない。,2026-08-18
sentry,Sentry,米国,開発者向けサービス,アプリ監視、開発者生産性、AI可観測性,https://sentry.io/,https://sentry.io/updates/,https://sentry.io/updates/,,https://develop.sentry.dev/,https://sentry.io/changelog/,https://github.com/getsentry,,https://api.github.com/orgs/getsentry/repos?per_page=100&sort=updated,https://sentry.io/updates/,公式編集面の時系列一覧を主監視し、更新日・新規記事URLで差分を検知する。Release Notesは細かな製品変更の補完に使う。,英語,週次〜月次,中,高,B,公式Newsroom／Blog／Research一覧のHTML巡回（Release Notesがある場合は補完）,中,RSS／API欄が空欄の場合は、今回の確認で公式URLを安全に特定できなかったため未登録。不存在を意味しない。,2026-08-18
postman,Postman,米国,開発者向けサービス,APIプラットフォーム、AIエージェント開発,https://www.postman.com/,https://blog.postman.com/,https://blog.postman.com/,,https://learning.postman.com/,https://www.postman.com/changelog/,https://github.com/postmanlabs,,https://api.github.com/orgs/postmanlabs/repos?per_page=100&sort=updated,https://blog.postman.com/,公式編集面の時系列一覧を主監視し、更新日・新規記事URLで差分を検知する。Release Notesは細かな製品変更の補完に使う。,英語,週次〜月次,中,高,B,公式Newsroom／Blog／Research一覧のHTML巡回（Release Notesがある場合は補完）,中,RSS／API欄が空欄の場合は、今回の確認で公式URLを安全に特定できなかったため未登録。不存在を意味しない。,2026-08-18
stripe,Stripe,米国,開発者向けサービス,決済API、AIビジネス基盤,https://stripe.com/,https://stripe.com/newsroom,https://stripe.com/blog,,https://stripe.com/blog/engineering,https://docs.stripe.com/changelog,https://github.com/stripe,,https://api.github.com/orgs/stripe/repos?per_page=100&sort=updated,https://stripe.com/newsroom,公式編集面の時系列一覧を主監視し、更新日・新規記事URLで差分を検知する。Release Notesは細かな製品変更の補完に使う。,英語,週次〜月次,中,高,B,公式Newsroom／Blog／Research一覧のHTML巡回（Release Notesがある場合は補完）,中,RSS／API欄が空欄の場合は、今回の確認で公式URLを安全に特定できなかったため未登録。不存在を意味しない。,2026-08-18
twilio,Twilio,米国,開発者向けサービス,通信API、コンタクトセンターAI,https://www.twilio.com/,https://www.twilio.com/en-us/press,https://www.twilio.com/blog,,https://www.twilio.com/blog/developers,,https://github.com/twilio,,https://api.github.com/orgs/twilio/repos?per_page=100&sort=updated,https://www.twilio.com/en-us/press,公式編集面の時系列一覧を主監視し、更新日・新規記事URLで差分を検知する。Release Notesは細かな製品変更の補完に使う。,英語,週次〜月次,中,高,B,公式Newsroom／Blog／Research一覧のHTML巡回（Release Notesがある場合は補完）,中,RSS／API欄が空欄の場合は、今回の確認で公式URLを安全に特定できなかったため未登録。不存在を意味しない。,2026-08-18
salesforce,Salesforce,米国,開発者向けサービス,CRM、企業向けAI、データクラウド,https://www.salesforce.com/,https://www.salesforce.com/news/,https://www.salesforce.com/blog/,,https://developer.salesforce.com/blogs,https://help.salesforce.com/s/articleView?id=release-notes.salesforce_release_notes.htm,https://github.com/forcedotcom,,https://api.github.com/orgs/forcedotcom/repos?per_page=100&sort=updated,https://www.salesforce.com/news/,公式編集面の時系列一覧を主監視し、更新日・新規記事URLで差分を検知する。Release Notesは細かな製品変更の補完に使う。,英語,週次〜月次,高,非常に高,A,公式Newsroom／Blog／Research一覧のHTML巡回（Release Notesがある場合は補完）,中,RSS／API欄が空欄の場合は、今回の確認で公式URLを安全に特定できなかったため未登録。不存在を意味しない。,2026-08-18
amd,AMD,米国,半導体／AIハードウェア,CPU、GPU、AIアクセラレータ,https://www.amd.com/,https://ir.amd.com/news-events/press-releases,https://community.amd.com/t5/ai/bg-p/ai,,https://developer.amd.com/,,https://github.com/AMD,,https://api.github.com/orgs/AMD/repos?per_page=100&sort=updated,https://ir.amd.com/news-events/press-releases,公式編集面の時系列一覧を主監視し、更新日・新規記事URLで差分を検知する。Release Notesは細かな製品変更の補完に使う。,英語,週次〜月次,高,非常に高,A,公式Newsroom／Blog／Research一覧のHTML巡回（Release Notesがある場合は補完）,中,RSS／API欄が空欄の場合は、今回の確認で公式URLを安全に特定できなかったため未登録。不存在を意味しない。,2026-08-18
intel,Intel,米国,半導体／AIハードウェア,CPU、AIアクセラレータ、エッジAI,https://www.intel.com/,https://www.intel.com/content/www/us/en/newsroom.html,https://www.intel.com/content/www/us/en/developer/articles.html,https://www.intel.com/content/www/us/en/research/overview.html,https://www.intel.com/content/www/us/en/developer/overview.html,,https://github.com/intel,,https://api.github.com/orgs/intel/repos?per_page=100&sort=updated,https://www.intel.com/content/www/us/en/newsroom.html,公式編集面の時系列一覧を主監視し、更新日・新規記事URLで差分を検知する。Release Notesは細かな製品変更の補完に使う。,英語,週次〜月次,高,非常に高,A,公式Newsroom／Blog／Research一覧のHTML巡回（Release Notesがある場合は補完）,中,RSS／API欄が空欄の場合は、今回の確認で公式URLを安全に特定できなかったため未登録。不存在を意味しない。,2026-08-18
qualcomm,Qualcomm,米国,半導体／AIハードウェア,モバイル、エッジAI、通信,https://www.qualcomm.com/,https://www.qualcomm.com/news/releases,https://www.qualcomm.com/news/onq,,https://developer.qualcomm.com/,,https://github.com/qualcomm,,https://api.github.com/orgs/qualcomm/repos?per_page=100&sort=updated,https://www.qualcomm.com/news/releases,公式編集面の時系列一覧を主監視し、更新日・新規記事URLで差分を検知する。Release Notesは細かな製品変更の補完に使う。,英語,週次〜月次,高,高,B,公式Newsroom／Blog／Research一覧のHTML巡回（Release Notesがある場合は補完）,中,RSS／API欄が空欄の場合は、今回の確認で公式URLを安全に特定できなかったため未登録。不存在を意味しない。,2026-08-18
arm,Arm,英国,半導体／AIハードウェア,CPU IP、エッジAI、データセンター,https://www.arm.com/,https://newsroom.arm.com/,https://community.arm.com/arm-community-blogs,,https://developer.arm.com/,,https://github.com/ARM-software,,https://api.github.com/orgs/ARM-software/repos?per_page=100&sort=updated,https://newsroom.arm.com/,公式編集面の時系列一覧を主監視し、更新日・新規記事URLで差分を検知する。Release Notesは細かな製品変更の補完に使う。,英語,週次〜月次,高,非常に高,A,公式Newsroom／Blog／Research一覧のHTML巡回（Release Notesがある場合は補完）,中,RSS／API欄が空欄の場合は、今回の確認で公式URLを安全に特定できなかったため未登録。不存在を意味しない。,2026-08-18
tsmc,TSMC,台湾,半導体／AIハードウェア,半導体製造、先端プロセス、AI供給網,https://www.tsmc.com/,https://www.tsmc.com/english/news-events/press-releases,,,,,,,,https://www.tsmc.com/english/news-events/press-releases,公式編集面の時系列一覧を主監視し、更新日・新規記事URLで差分を検知する。Release Notesは細かな製品変更の補完に使う。,英語／中国語,月次〜不定期,高,非常に高,A,公式Newsroom／Blog／Research一覧のHTML巡回（Release Notesがある場合は補完）,中,RSS／API欄が空欄の場合は、今回の確認で公式URLを安全に特定できなかったため未登録。不存在を意味しない。,2026-08-18
broadcom,Broadcom,米国,半導体／AIハードウェア,ネットワーク、カスタムAIチップ、ソフトウェア,https://www.broadcom.com/,https://news.broadcom.com/,,,,,,,,https://news.broadcom.com/,公式編集面の時系列一覧を主監視し、更新日・新規記事URLで差分を検知する。Release Notesは細かな製品変更の補完に使う。,英語,月次〜不定期,高,非常に高,A,公式Newsroom／Blog／Research一覧のHTML巡回（Release Notesがある場合は補完）,中,RSS／API欄が空欄の場合は、今回の確認で公式URLを安全に特定できなかったため未登録。不存在を意味しない。,2026-08-18
tenstorrent,Tenstorrent,カナダ／米国,半導体／AIハードウェア,AIアクセラレータ、オープンソースAI,https://tenstorrent.com/,https://tenstorrent.com/news,https://tenstorrent.com/blog,,https://docs.tenstorrent.com/,,https://github.com/tenstorrent,,https://api.github.com/orgs/tenstorrent/repos?per_page=100&sort=updated,https://tenstorrent.com/news,公式編集面の時系列一覧を主監視し、更新日・新規記事URLで差分を検知する。Release Notesは細かな製品変更の補完に使う。,英語,週次〜月次,高,高,B,公式Newsroom／Blog／Research一覧のHTML巡回（Release Notesがある場合は補完）,中,RSS／API欄が空欄の場合は、今回の確認で公式URLを安全に特定できなかったため未登録。不存在を意味しない。,2026-08-18
adobe,Adobe,米国,デザイン／クリエイティブツール,生成AI、クリエイティブソフト、ドキュメント,https://www.adobe.com/,https://news.adobe.com/,https://blog.adobe.com/,https://research.adobe.com/,https://blog.developer.adobe.com/,,https://github.com/adobe,,https://api.github.com/orgs/adobe/repos?per_page=100&sort=updated,https://news.adobe.com/,公式編集面の時系列一覧を主監視し、更新日・新規記事URLで差分を検知する。Release Notesは細かな製品変更の補完に使う。,英語,週次〜月次,高,非常に高,A,公式Newsroom／Blog／Research一覧のHTML巡回（Release Notesがある場合は補完）,中,RSS／API欄が空欄の場合は、今回の確認で公式URLを安全に特定できなかったため未登録。不存在を意味しない。,2026-08-18
figma,Figma,米国,デザイン／クリエイティブツール,UIデザイン、共同編集、デザインAI,https://www.figma.com/,https://www.figma.com/blog/,https://www.figma.com/blog/,,https://www.figma.com/developers/,https://www.figma.com/release-notes/,https://github.com/figma,,https://api.github.com/orgs/figma/repos?per_page=100&sort=updated,https://www.figma.com/blog/,公式編集面の時系列一覧を主監視し、更新日・新規記事URLで差分を検知する。Release Notesは細かな製品変更の補完に使う。,英語,週次〜月次,高,高,A,公式Newsroom／Blog／Research一覧のHTML巡回（Release Notesがある場合は補完）,中,RSS／API欄が空欄の場合は、今回の確認で公式URLを安全に特定できなかったため未登録。不存在を意味しない。,2026-08-18
canva,Canva,オーストラリア,デザイン／クリエイティブツール,デザイン、生成AI、コンテンツ作成,https://www.canva.com/,https://www.canva.com/newsroom/,https://www.canva.com/newsroom/,,https://www.canva.dev/blog/,,https://github.com/canva,,https://api.github.com/orgs/canva/repos?per_page=100&sort=updated,https://www.canva.com/newsroom/,公式編集面の時系列一覧を主監視し、更新日・新規記事URLで差分を検知する。Release Notesは細かな製品変更の補完に使う。,英語,週次〜月次,高,高,B,公式Newsroom／Blog／Research一覧のHTML巡回（Release Notesがある場合は補完）,中,RSS／API欄が空欄の場合は、今回の確認で公式URLを安全に特定できなかったため未登録。不存在を意味しない。,2026-08-18
notion,Notion,米国,デザイン／クリエイティブツール,ナレッジ管理、共同編集、AI,https://www.notion.so/,https://www.notion.so/releases,https://www.notion.so/releases,,https://developers.notion.com/,https://www.notion.so/releases,https://github.com/makenotion,,https://api.github.com/orgs/makenotion/repos?per_page=100&sort=updated,https://www.notion.so/releases,変更履歴を主監視し、ニュース／ブログは背景と大型発表の補完に使う。,英語,週次〜月次,高,高,B,公式Release Notes／ChangelogのHTML巡回,中,RSS／API欄が空欄の場合は、今回の確認で公式URLを安全に特定できなかったため未登録。不存在を意味しない。,2026-08-18
shopify,Shopify,カナダ,Web／コマース基盤,コマース、AI、開発者プラットフォーム,https://www.shopify.com/,https://www.shopify.com/news,https://www.shopify.com/blog,,https://www.shopify.com/partners/blog,https://shopify.dev/docs/api/release-notes,https://github.com/Shopify,,https://api.github.com/orgs/Shopify/repos?per_page=100&sort=updated,https://www.shopify.com/news,公式編集面の時系列一覧を主監視し、更新日・新規記事URLで差分を検知する。Release Notesは細かな製品変更の補完に使う。,英語,週次〜月次,中,非常に高,A,公式Newsroom／Blog／Research一覧のHTML巡回（Release Notesがある場合は補完）,中,RSS／API欄が空欄の場合は、今回の確認で公式URLを安全に特定できなかったため未登録。不存在を意味しない。,2026-08-18
apple,Apple,米国,Web／端末・プラットフォーム,端末AI、OS、開発者基盤、ML,https://www.apple.com/,https://www.apple.com/newsroom/,https://www.apple.com/newsroom/,https://machinelearning.apple.com/,https://developer.apple.com/news/,https://developer.apple.com/news/releases/,https://github.com/apple,,https://api.github.com/orgs/apple/repos?per_page=100&sort=updated,https://www.apple.com/newsroom/,公式編集面の時系列一覧を主監視し、更新日・新規記事URLで差分を検知する。Release Notesは細かな製品変更の補完に使う。,英語,週次〜月次,非常に高,非常に高,A,公式Newsroom／Blog／Research一覧のHTML巡回（Release Notesがある場合は補完）,中,RSS／API欄が空欄の場合は、今回の確認で公式URLを安全に特定できなかったため未登録。不存在を意味しない。,2026-08-18
mozilla,Mozilla,米国,ブラウザ／Web基盤,ブラウザ、Web標準、AIとプライバシー,https://www.mozilla.org/,https://blog.mozilla.org/en/,https://blog.mozilla.org/en/,https://research.mozilla.org/,https://hacks.mozilla.org/,https://www.mozilla.org/en-US/firefox/releases/,https://github.com/mozilla,,https://api.github.com/orgs/mozilla/repos?per_page=100&sort=updated,https://blog.mozilla.org/en/,公式編集面の時系列一覧を主監視し、更新日・新規記事URLで差分を検知する。Release Notesは細かな製品変更の補完に使う。,英語,週次〜月次,中,非常に高,A,公式Newsroom／Blog／Research一覧のHTML巡回（Release Notesがある場合は補完）,中,RSS／API欄が空欄の場合は、今回の確認で公式URLを安全に特定できなかったため未登録。不存在を意味しない。,2026-08-18
brave,Brave,米国,ブラウザ／検索・Web基盤,ブラウザ、検索、AI、プライバシー,https://brave.com/,https://brave.com/blog/,https://brave.com/blog/,,https://brave.com/developers/,https://github.com/brave/brave-browser/releases,https://github.com/brave,,https://api.github.com/orgs/brave/repos?per_page=100&sort=updated,https://brave.com/blog/,公式編集面の時系列一覧を主監視し、更新日・新規記事URLで差分を検知する。Release Notesは細かな製品変更の補完に使う。,英語,週次〜月次,高,非常に高,A,公式Newsroom／Blog／Research一覧のHTML巡回（Release Notesがある場合は補完）,中,RSS／API欄が空欄の場合は、今回の確認で公式URLを安全に特定できなかったため未登録。不存在を意味しない。,2026-08-18
ai2,Ai2（Allen Institute for AI）,米国,AI研究機関／大学研究所,AI研究、オープンモデル、科学AI,https://allenai.org/,https://allenai.org/blog,https://allenai.org/blog,https://allenai.org/research,,,https://github.com/allenai,,https://api.github.com/orgs/allenai/repos?per_page=100&sort=updated,https://allenai.org/blog,公式編集面の時系列一覧を主監視し、更新日・新規記事URLで差分を検知する。Release Notesは細かな製品変更の補完に使う。,英語,週次〜月次,非常に高,中,A,公式Newsroom／Blog／Research一覧のHTML巡回（Release Notesがある場合は補完）,中,RSS／API欄が空欄の場合は、今回の確認で公式URLを安全に特定できなかったため未登録。不存在を意味しない。,2026-08-18
stanford-hai,Stanford HAI,米国,AI研究機関／大学研究所,AI研究、政策、AI Index、教育,https://hai.stanford.edu/,https://hai.stanford.edu/news,https://hai.stanford.edu/news,https://hai.stanford.edu/research,,,https://github.com/ai-index-hai-stanford,,https://api.github.com/orgs/ai-index-hai-stanford/repos?per_page=100&sort=updated,https://hai.stanford.edu/news,公式編集面の時系列一覧を主監視し、更新日・新規記事URLで差分を検知する。Release Notesは細かな製品変更の補完に使う。,英語,週次〜月次,高,高,A,公式Newsroom／Blog／Research一覧のHTML巡回（Release Notesがある場合は補完）,中,公式Newsの研究・政策・教育の更新形態を確認済み。AI Index関連資料も補完監視。,2026-08-18
microsoft-research,Microsoft Research,米国,AI研究機関／大学研究所,AI研究、システム、科学、社会,https://www.microsoft.com/en-us/research/,https://www.microsoft.com/en-us/research/blog/,https://www.microsoft.com/en-us/research/blog/,https://www.microsoft.com/en-us/research/,,,https://github.com/microsoft,,https://api.github.com/orgs/microsoft/repos?per_page=100&sort=updated,https://www.microsoft.com/en-us/research/blog/,公式編集面の時系列一覧を主監視し、更新日・新規記事URLで差分を検知する。Release Notesは細かな製品変更の補完に使う。,英語,週次〜月次,非常に高,高,A,公式Newsroom／Blog／Research一覧のHTML巡回（Release Notesがある場合は補完）,中,RSS／API欄が空欄の場合は、今回の確認で公式URLを安全に特定できなかったため未登録。不存在を意味しない。,2026-08-18
google-research,Google Research,米国,AI研究機関／大学研究所,AI研究、ML、科学、責任あるAI,https://research.google/,https://research.google/blog/,https://research.google/blog/,https://research.google/,,,https://github.com/google-research,,https://api.github.com/orgs/google-research/repos?per_page=100&sort=updated,https://research.google/blog/,公式編集面の時系列一覧を主監視し、更新日・新規記事URLで差分を検知する。Release Notesは細かな製品変更の補完に使う。,英語,週次〜月次,非常に高,高,A,公式Newsroom／Blog／Research一覧のHTML巡回（Release Notesがある場合は補完）,中,RSS／API欄が空欄の場合は、今回の確認で公式URLを安全に特定できなかったため未登録。不存在を意味しない。,2026-08-18
apple-ml-research,Apple Machine Learning Research,米国,AI研究機関／大学研究所,端末AI、基盤モデル、機械学習研究,https://machinelearning.apple.com/,https://machinelearning.apple.com/,https://machinelearning.apple.com/,https://machinelearning.apple.com/,,,https://github.com/apple,https://machinelearning.apple.com/rss.xml,https://api.github.com/orgs/apple/repos?per_page=100&sort=updated,https://machinelearning.apple.com/,公式RSS/Atomを主監視し、分類・詳細確認は対応する公式ページで行う。,英語,月次〜不定期,高,高,A,公式RSS/Atom,高,現行AI外電の有効フィード。論文・研究発表の一次資料として優先。,2026-08-18
tensorflow,TensorFlow,米国,OSS／AIプロジェクト,機械学習フレームワーク、エコシステム,https://www.tensorflow.org/,https://blog.tensorflow.org/,https://blog.tensorflow.org/,,https://www.tensorflow.org/community,https://github.com/tensorflow/tensorflow/releases,https://github.com/tensorflow,,GitHub Releases API（対象リポジトリを固定して利用。公式仕様は台帳README参照）,https://github.com/tensorflow/tensorflow/releases,公式GitHubのRelease・Tagを主監視し、ブログは大型発表の補完に使う。,英語,月次〜不定期,高,高,B,GitHub Releases／Tags／公開リポジトリ更新,高,RSS／API欄が空欄の場合は、今回の確認で公式URLを安全に特定できなかったため未登録。不存在を意味しない。,2026-08-18
jax,JAX,米国,OSS／AIプロジェクト,数値計算、AI研究、アクセラレータ,https://jax.readthedocs.io/,,,,https://jax.readthedocs.io/,https://github.com/jax-ml/jax/releases,https://github.com/jax-ml,,GitHub Releases API（対象リポジトリを固定して利用。公式仕様は台帳README参照）,https://github.com/jax-ml/jax/releases,公式GitHubのRelease・Tagを主監視し、ブログは大型発表の補完に使う。,英語,月次〜不定期,高,中,B,GitHub Releases／Tags／公開リポジトリ更新,高,RSS／API欄が空欄の場合は、今回の確認で公式URLを安全に特定できなかったため未登録。不存在を意味しない。,2026-08-18
keras,Keras,米国,OSS／AIプロジェクト,深層学習API、AI開発,https://keras.io/,https://keras.io/getting_started/,https://keras.io/,,https://keras.io/guides/,https://github.com/keras-team/keras/releases,https://github.com/keras-team,,GitHub Releases API（対象リポジトリを固定して利用。公式仕様は台帳README参照）,https://github.com/keras-team/keras/releases,公式GitHubのRelease・Tagを主監視し、ブログは大型発表の補完に使う。,英語,月次〜不定期,高,中,B,GitHub Releases／Tags／公開リポジトリ更新,高,RSS／API欄が空欄の場合は、今回の確認で公式URLを安全に特定できなかったため未登録。不存在を意味しない。,2026-08-18
scikit-learn,scikit-learn,国際,OSS／AIプロジェクト,機械学習ライブラリ,https://scikit-learn.org/,https://blog.scikit-learn.org/,https://blog.scikit-learn.org/,,https://scikit-learn.org/stable/developers/,https://github.com/scikit-learn/scikit-learn/releases,https://github.com/scikit-learn,,GitHub Releases API（対象リポジトリを固定して利用。公式仕様は台帳README参照）,https://github.com/scikit-learn/scikit-learn/releases,公式GitHubのRelease・Tagを主監視し、ブログは大型発表の補完に使う。,英語,月次〜不定期,高,中,B,GitHub Releases／Tags／公開リポジトリ更新,高,RSS／API欄が空欄の場合は、今回の確認で公式URLを安全に特定できなかったため未登録。不存在を意味しない。,2026-08-18
jupyter,Project Jupyter,国際,OSS／AIプロジェクト,ノートブック、対話的計算、教育,https://jupyter.org/,https://blog.jupyter.org/,https://blog.jupyter.org/,,https://docs.jupyter.org/,https://github.com/jupyter/notebook/releases,https://github.com/jupyter,,GitHub Releases API（対象リポジトリを固定して利用。公式仕様は台帳README参照）,https://github.com/jupyter/notebook/releases,公式GitHubのRelease・Tagを主監視し、ブログは大型発表の補完に使う。,英語,月次〜不定期,中,高,B,GitHub Releases／Tags／公開リポジトリ更新,高,RSS／API欄が空欄の場合は、今回の確認で公式URLを安全に特定できなかったため未登録。不存在を意味しない。,2026-08-18
llama-cpp,llama.cpp,国際,OSS／AIプロジェクト,ローカルLLM推論、エッジAI,https://github.com/ggml-org/llama.cpp,,,,https://github.com/ggml-org/llama.cpp,https://github.com/ggml-org/llama.cpp/releases,https://github.com/ggml-org,,GitHub Releases API（対象リポジトリを固定して利用。公式仕様は台帳README参照）,https://github.com/ggml-org/llama.cpp/releases,公式GitHubのRelease・Tagを主監視し、ブログは大型発表の補完に使う。,英語,週次〜月次,高,高,A,GitHub Releases／Tags／公開リポジトリ更新,高,RSS／API欄が空欄の場合は、今回の確認で公式URLを安全に特定できなかったため未登録。不存在を意味しない。,2026-08-18
llamaindex,LlamaIndex,米国,OSS／AIプロジェクト,データ接続、RAG、AIエージェント,https://www.llamaindex.ai/,https://www.llamaindex.ai/blog,https://www.llamaindex.ai/blog,,https://docs.llamaindex.ai/,https://github.com/run-llama/llama_index/releases,https://github.com/run-llama,,GitHub Releases API（対象リポジトリを固定して利用。公式仕様は台帳README参照）,https://github.com/run-llama/llama_index/releases,公式GitHubのRelease・Tagを主監視し、ブログは大型発表の補完に使う。,英語,週次〜月次,高,高,A,GitHub Releases／Tags／公開リポジトリ更新,高,RSS／API欄が空欄の場合は、今回の確認で公式URLを安全に特定できなかったため未登録。不存在を意味しない。,2026-08-18
